Ticker,Reason
ARTV,Liquidity fail
JCSE,Liquidity fail
SNWV,Liquidity fail
ALTS,Liquidity fail
WRLD,Liquidity fail
CSAI,Liquidity fail
TSQ,Liquidity fail
APXIF,Liquidity fail
SWKH,Liquidity fail
NXUR,Liquidity fail
YOSH,Liquidity fail
VISL,Liquidity fail
MCHX,Liquidity fail
RVSB,Liquidity fail
PMTS,Liquidity fail
MSN,Liquidity fail
ACHV,Liquidity fail
MGNX,Volatility fail
TELO,Liquidity fail
LXEO,Volatility fail
EVCO,Liquidity fail
TLYS,Liquidity fail
LPCN,Liquidity fail
RGDXQ,No history
TTNP,Liquidity fail
TIOG,Liquidity fail
ALLGF,Liquidity fail
ALLK,Liquidity fail
SUP,Liquidity fail
CRD.B,Liquidity fail
SISI,Liquidity fail
AZI,Liquidity fail
MTRN,Liquidity fail
CPHI,Liquidity fail
MEIP,Liquidity fail
GURE,Liquidity fail
CYCC,Volatility fail
SSBI,Liquidity fail
OCC,Liquidity fail
INSE,Liquidity fail
AFMD,Liquidity fail
PMDI,Liquidity fail
YSXT,Liquidity fail
UTRS,No history
VANI,Liquidity fail
VQSSF,No history
VS,Liquidity fail
FCBC,Liquidity fail
SVVC,Liquidity fail
CUTRQ,Liquidity fail
DXST,Liquidity fail
CLBR,Volatility fail
RM,Liquidity fail
BTCY,Liquidity fail
TLSI,Liquidity fail
COCP,Liquidity fail
DVS,Liquidity fail
ACTU,Liquidity fail
GPLDF,Liquidity fail
WFCF,Liquidity fail
JMSB,Liquidity fail
IPSC,Liquidity fail
GNE,Liquidity fail
SPHL,Liquidity fail
BH.A,Liquidity fail
LWLG,Liquidity fail
STAI,Liquidity fail
LTRY,Liquidity fail
VENU,Liquidity fail
CNTM,Liquidity fail
TBMC,Liquidity fail
IGTA,No history
GWRS,Liquidity fail
TUEMQ,Liquidity fail
BEEP,Liquidity fail
SXTP,Liquidity fail
RBBN,Volatility fail
MGAM,Liquidity fail
ELMSQ,Liquidity fail
ESTRF,No history
ONCO,Volatility fail
CPIX,Liquidity fail
FLGC,Liquidity fail
DNMRQ,Liquidity fail
MMVVF,Liquidity fail
POAI,Liquidity fail
IZM,Liquidity fail
TATT,Liquidity fail
CRTD,Liquidity fail
AENT,Liquidity fail
PRCH,Volatility fail
RAPP,Volatility fail
FTCI,Liquidity fail
NCL,Liquidity fail
SOQDQ,No history
BODI,Liquidity fail
ILAG,Liquidity fail
MHUA,Liquidity fail
MMNFQ,Liquidity fail
CRMT,Liquidity fail
ASTI,Liquidity fail
BRSHF,Liquidity fail
TPST,Liquidity fail
LEGH,Liquidity fail
LGVN,Liquidity fail
AWIN,No history
PLBC,Liquidity fail
JOUT,Liquidity fail
PARAA,Liquidity fail
ENGN,Liquidity fail
PITEF,Liquidity fail
LIPO,Liquidity fail
MSS,Liquidity fail
DTI,Liquidity fail
CAMP,Liquidity fail
NLSP,Liquidity fail
OPY,Liquidity fail
MVBF,Liquidity fail
NEUE,Liquidity fail
LUCY,Liquidity fail
ANEB,Liquidity fail
PRPL,Liquidity fail
GMBL,Liquidity fail
EMCG,Liquidity fail
PRTS,Liquidity fail
TETEF,No history
ELDN,Liquidity fail
FOA,Liquidity fail
THM,Liquidity fail
UP,Liquidity fail
MDAI,Liquidity fail
GP,Liquidity fail
RLAY,Volatility fail
PHOE,Volatility fail
AROW,Liquidity fail
HSCS,Liquidity fail
BTOC,Liquidity fail
TNEN,No history
LSDIF,Liquidity fail
YRIV,Liquidity fail
ALTI,Liquidity fail
RAPT,Liquidity fail
CODA,Liquidity fail
PAPL,Liquidity fail
VLN,Liquidity fail
PSBD,Liquidity fail
FBLG,Liquidity fail
BBGI,Liquidity fail
UNCY,Liquidity fail
EVBN,Liquidity fail
ATS,Liquidity fail
BNRG,Liquidity fail
SSBK,Liquidity fail
ACNB,Liquidity fail
INO,Liquidity fail
AONC,Liquidity fail
PPSI,Liquidity fail
TRSG,Liquidity fail
AUBN,Liquidity fail
LEE,Liquidity fail
RDIB,Liquidity fail
UTMD,Liquidity fail
RUSHB,Liquidity fail
FTHM,Liquidity fail
ATRA,Liquidity fail
CJMB,Liquidity fail
XXII,Liquidity fail
SVBL,Liquidity fail
OTTV,No history
KSCP,Liquidity fail
WGS,Volatility fail
MBOT,Volatility fail
PLUG,Volatility fail
OCTO,Liquidity fail
BBXIA,Liquidity fail
EOSE,Volatility fail
EBMT,Liquidity fail
IMMX,Liquidity fail
LINUF,No history
SWSS,No history
HPAI,Liquidity fail
LSAK,Liquidity fail
GASS,Liquidity fail
ZCMD,Liquidity fail
VRME,Liquidity fail
STTO,No history
CYTOF,Liquidity fail
IGC,Liquidity fail
LMPX,Liquidity fail
PN,Liquidity fail
BLUAF,No history
CRD.A,Liquidity fail
ABOS,Liquidity fail
SKYE,Liquidity fail
THCH,Liquidity fail
ALDF,Liquidity fail
NEU,Liquidity fail
VTLE,Volatility fail
WLDS,Volatility fail
WEJOF,Liquidity fail
AAME,Liquidity fail
VYNE,Liquidity fail
YAAS,Liquidity fail
ITRN,Liquidity fail
DMAC,Liquidity fail
CFBK,Liquidity fail
GORO,Volatility fail
ASBP,Liquidity fail
MCOM,Liquidity fail
BTMD,Liquidity fail
ULY,Volatility fail
BCG,Liquidity fail
OPOF,Liquidity fail
PYXS,Liquidity fail
MKC.V,Liquidity fail
SERA,Liquidity fail
MGHL,No history
PC,Liquidity fail
DGLY,Volatility fail
OPTN,Liquidity fail
SPEC,Liquidity fail
SMMT,Volatility fail
SSUNF,No history
LIEN,Liquidity fail
ORGS,Liquidity fail
ASST,Liquidity fail
BCBP,Liquidity fail
ROMA,Liquidity fail
PWM,Liquidity fail
WATT,Liquidity fail
GFR,Liquidity fail
LOCM,No history
ARQQ,Volatility fail
GRC,Liquidity fail
ICCT,Volatility fail
ELA,Liquidity fail
MAYA,Liquidity fail
BRLT,Liquidity fail
SYRS,Liquidity fail
CUEN,No history
SWAG,Liquidity fail
PUCK,Liquidity fail
PRLD,Liquidity fail
NAOV,Volatility fail
MSAI,Liquidity fail
MDRX,Liquidity fail
GALT,Liquidity fail
SLHGF,No history
SCNX,Liquidity fail
CLMB,Liquidity fail
SMP,Volatility fail
LEXX,Liquidity fail
RENO,Liquidity fail
SCPH,Liquidity fail
GTBP,Liquidity fail
EJH,Volatility fail
SNOA,Volatility fail
REE,Liquidity fail
FINW,Liquidity fail
FNLC,Liquidity fail
FLUX,Liquidity fail
BEEM,Liquidity fail
REX,Liquidity fail
PETZ,Liquidity fail
BAOS,Liquidity fail
HFFG,Liquidity fail
ATNI,Liquidity fail
GNLX,Liquidity fail
SNFCA,Liquidity fail
GDEV,Liquidity fail
ENVB,Liquidity fail
CDVIQ,No history
AFIIQ,Liquidity fail
NOTV,Liquidity fail
LARK,Liquidity fail
LUD,Liquidity fail
UOKA,Liquidity fail
CELU,Liquidity fail
BITCF,Liquidity fail
CNET,Liquidity fail
TRVI,Volatility fail
EGLXF,Liquidity fail
CBNA,Liquidity fail
STX,Volatility fail
CZNC,Liquidity fail
BH,Liquidity fail
KAPA,Liquidity fail
EDMCQ,No history
WERN,Volatility fail
ZOMDF,Liquidity fail
GENC,Liquidity fail
ATER,Liquidity fail
SKIL,Liquidity fail
LNKB,Liquidity fail
CCRD,Liquidity fail
UTSI,Liquidity fail
ONFO,Liquidity fail
OPXS,Liquidity fail
MSW,Liquidity fail
BWFG,Liquidity fail
PCB,Liquidity fail
OLB,Volatility fail
RICK,Liquidity fail
LSB,Liquidity fail
LC,Volatility fail
XAGE,Liquidity fail
LYRA,Liquidity fail
WELNF,No history
MGHCF,No history
ZPAS,Liquidity fail
IDXG,Liquidity fail
GCBC,Liquidity fail
COMS,No history
LGL,Liquidity fail
COFS,Liquidity fail
TANH,Liquidity fail
KTTA,Liquidity fail
TSLA,Volatility fail
TYGO,Liquidity fail
RLGT,Liquidity fail
CARV,Liquidity fail
HMR,Liquidity fail
FBIZ,Liquidity fail
ALSAF,Liquidity fail
SPFI,Liquidity fail
NTIOF,Liquidity fail
TBIO,Liquidity fail
SMXT,Liquidity fail
GMHS,Liquidity fail
FLYY,Volatility fail
AGRO,Volatility fail
HBCP,Liquidity fail
CLST,Liquidity fail
EVLO,Liquidity fail
THAR,Liquidity fail
PRXIQ,No history
NTRB,Liquidity fail
AVTR,Volatility fail
WALD,Liquidity fail
NPK,Liquidity fail
NNBR,Liquidity fail
XELA,Liquidity fail
IINN,Liquidity fail
TRAK,Liquidity fail
IVDA,Liquidity fail
MASK,Liquidity fail
HCI,Liquidity fail
ACRV,Volatility fail
KFS,Liquidity fail
TENB,Volatility fail
VAXX,Liquidity fail
CZWI,Liquidity fail
SGHT,Liquidity fail
RVP,Liquidity fail
XTKG,Liquidity fail
MSSAF,No history
BGLC,Liquidity fail
ADD,Liquidity fail
WBUYD,Liquidity fail
RANI,Liquidity fail
APLM,Liquidity fail
FNGR,Volatility fail
ALFIQ,No history
IRIX,Liquidity fail
UNTC,Liquidity fail
CDZI,Liquidity fail
SVUHF,Liquidity fail
EPIX,Liquidity fail
BON,Volatility fail
AIMI,Liquidity fail
VERU,Liquidity fail
SCWO,Liquidity fail
HCWB,Liquidity fail
TISI,Liquidity fail
IMRX,Liquidity fail
CLDX,Volatility fail
RXT,Liquidity fail
IPIX,Liquidity fail
AMHGQ,No history
MARK,Liquidity fail
PHYTF,No history
HAO,Liquidity fail
CIA,Liquidity fail
EML,Liquidity fail
VRTS,Liquidity fail
ANRO,Liquidity fail
PZG,Liquidity fail
PAYS,Liquidity fail
AVNW,Liquidity fail
SCOR,Liquidity fail
INTG,Liquidity fail
CMT,Liquidity fail
BXRXQ,No history
NOA,Liquidity fail
SXT,Volatility fail
BOTJ,Liquidity fail
BREA,Liquidity fail
FBIO,Liquidity fail
BEAT,Liquidity fail
FLL,Liquidity fail
ONIT,Liquidity fail
CXDO,Liquidity fail
OSUR,Liquidity fail
SSOK,No history
KLXE,Liquidity fail
SENEA,Liquidity fail
HCAI,Liquidity fail
HOLO,Volatility fail
YGTYF,No history
UNB,Liquidity fail
AUVIQ,Liquidity fail
NWFL,Liquidity fail
BURU,Liquidity fail
WINSF,No history
ENLT,Liquidity fail
THC,Volatility fail
CAPS,Liquidity fail
ZIVO,Liquidity fail
TGL,Liquidity fail
INTS,Liquidity fail
HBT,Liquidity fail
SAR,Liquidity fail
WVVI,Liquidity fail
CERO,Volatility fail
NECB,Liquidity fail
AGH,Liquidity fail
ZTEK,Liquidity fail
INVE,Liquidity fail
UBOH,Liquidity fail
DOUG,Liquidity fail
JOB,Liquidity fail
SES,Volatility fail
DSGR,Liquidity fail
SQZB,Liquidity fail
ZSPC,Liquidity fail
GGEI,Liquidity fail
GLDG,Liquidity fail
HUHU,Liquidity fail
CAAS,Liquidity fail
NXTT,Liquidity fail
IDWM,Liquidity fail
MTVA,Liquidity fail
HDYNQ,Liquidity fail
NTCL,Volatility fail
MOG.B,Liquidity fail
OKUR,Liquidity fail
FNCH,Liquidity fail
WINR,Liquidity fail
LZM,Liquidity fail
GTI,Liquidity fail
AGM,Liquidity fail
SYNE,No history
OMQS,Liquidity fail
ALCY,Liquidity fail
AIHS,Liquidity fail
AGM.A,Liquidity fail
ZEVY,Liquidity fail
CDTG,Liquidity fail
SKK,Liquidity fail
FSLR,Volatility fail
BGI,Liquidity fail
XBIT,Liquidity fail
FTII,No history
HNVR,Liquidity fail
OTRK,Liquidity fail
FORL,Liquidity fail
MDLM,No history
MLEC,Liquidity fail
ODYS,Liquidity fail
ATCH,Liquidity fail
SKYX,Liquidity fail
LEVGQ,Liquidity fail
KARO,Liquidity fail
EVOK,Liquidity fail
MICRD,No history
SCNA,Liquidity fail
TLPH,Liquidity fail
RNAZ,Volatility fail
SON,Volatility fail
BRZH,Liquidity fail
PULM,Liquidity fail
HURC,Liquidity fail
ALLO,Volatility fail
ADV,Liquidity fail
KEN,Liquidity fail
PLMJF,No history
MTA,Liquidity fail
ZONE,Liquidity fail
GBHPF,Liquidity fail
CYCN,Liquidity fail
JFB,Liquidity fail
IXAQF,Liquidity fail
KFFB,Liquidity fail
SLSR,Liquidity fail
XRTX,Liquidity fail
ALBT,Liquidity fail
SFHG,Liquidity fail
ESINQ,No history
NVNO,Liquidity fail
PIKM,Liquidity fail
VIEWF,No history
MWYN,Volatility fail
UHG,Liquidity fail
SVT,Liquidity fail
SGMA,Liquidity fail
ARVLF,Liquidity fail
CLFD,Liquidity fail
TUPBQ,Liquidity fail
TPET,Liquidity fail
SSP,Volatility fail
APT,Liquidity fail
FXLV,Liquidity fail
PURA,Liquidity fail
ZTNO,No history
MCBS,Liquidity fail
AAMCF,Liquidity fail
AIEV,Liquidity fail
PAVS,Liquidity fail
NEON,Volatility fail
IBIO,Volatility fail
MVLA,Liquidity fail
BWEN,Liquidity fail
OGI,Liquidity fail
EVOL,No history
AMPX,Volatility fail
PVBC,Liquidity fail
RENT,Liquidity fail
CNTX,Liquidity fail
PSHG,Liquidity fail
ESGR,Liquidity fail
EMITF,No history
BOF,Liquidity fail
YHGJ,Liquidity fail
AMPG,Liquidity fail
AIRS,Liquidity fail
GBCHF,No history
KOSS,Liquidity fail
ASTC,Liquidity fail
CUE,Liquidity fail
RRTS,Liquidity fail
NIXX,Liquidity fail
CFRXQ,Liquidity fail
VOXR,Liquidity fail
RHLD,Liquidity fail
REFR,Liquidity fail
KNW,Liquidity fail
VINOQ,Liquidity fail
DGICB,Liquidity fail
LOCL,Liquidity fail
QBAK,No history
PTLE,Liquidity fail
YECO,Liquidity fail
TRAW,Liquidity fail
TPHS,Liquidity fail
RVPH,Liquidity fail
EMMS,No history
OMH,Volatility fail
DHIL,Liquidity fail
FRHLF,Liquidity fail
NURO,Liquidity fail
ENSC,Volatility fail
FATBB,Liquidity fail
PFAI,Liquidity fail
SGBI,No history
IRAA,Liquidity fail
SPHR,Volatility fail
ARKR,Liquidity fail
VATE,Liquidity fail
CSCI,Liquidity fail
TGAAF,No history
ABTS,Liquidity fail
PMCB,Liquidity fail
TNGX,Liquidity fail
YORW,Liquidity fail
NORNQ,No history
GTE,Liquidity fail
CLGN,Liquidity fail
IPCIQ,No history
UFCS,Liquidity fail
MYNZ,Volatility fail
TPL,Liquidity fail
OPBK,Liquidity fail
CNTGF,Liquidity fail
CCTG,Liquidity fail
CLIK,Liquidity fail
SFST,Liquidity fail
DAC,Liquidity fail
CSTAF,No history
SONX,No history
SRSCQ,No history
GROM,Liquidity fail
SNGX,Liquidity fail
OVBC,Liquidity fail
FMAO,Liquidity fail
CTNM,Liquidity fail
ICMB,Liquidity fail
AUMBF,Liquidity fail
AKTSQ,Liquidity fail
BJDX,Liquidity fail
HTLM,Liquidity fail
AWHL,Liquidity fail
RVYL,Liquidity fail
DBGI,Liquidity fail
LRMR,Volatility fail
ATLX,Liquidity fail
IDAI,Liquidity fail
KRMD,Liquidity fail
TBLT,Liquidity fail
WING,Volatility fail
TMDE,Volatility fail
HYAC,Liquidity fail
CMTL,Liquidity fail
FCUV,Liquidity fail
DXR,Liquidity fail
GLBR,No history
EVC,Liquidity fail
TLSA,Liquidity fail
JVSA,Liquidity fail
UGRO,Liquidity fail
NEGG,Liquidity fail
ORBT,Liquidity fail
TPIC,Liquidity fail
ISPO,Liquidity fail
TRX,Liquidity fail
ESCA,Liquidity fail
EVKG,Liquidity fail
SGN,Liquidity fail
PZRXQ,No history
LIQDQ,No history
FRHC,Liquidity fail
DSHK,Liquidity fail
GORV,Liquidity fail
KLTO,Liquidity fail
AFBI,Liquidity fail
LSEA,Liquidity fail
GIGAQ,No history
MTSR,Volatility fail
BANL,Liquidity fail
KGJI,No history
PBHC,Liquidity fail
AXPWQ,No history
HLOC,Liquidity fail
BRN,Liquidity fail
HYMC,Liquidity fail
NYAX,Liquidity fail
EXOD,Liquidity fail
KEQU,Liquidity fail
GAMI,Liquidity fail
DYAI,Liquidity fail
ZVSA,Liquidity fail
OTLC,Liquidity fail
ZBIO,Volatility fail
SANW,Liquidity fail
QUIK,Liquidity fail
PEPG,Liquidity fail
WNEB,Liquidity fail
WSO.B,Liquidity fail
IPW,Liquidity fail
MDBH,Liquidity fail
VOR,Liquidity fail
LVO,Liquidity fail
SHOT,Volatility fail
PTIX,Liquidity fail
MI,Liquidity fail
MEIL,No history
CWH,Volatility fail
SGD,Liquidity fail
GNCAQ,No history
CJET,Liquidity fail
OTLK,Liquidity fail
MOGO,Liquidity fail
CTXR,Liquidity fail
CHEK,Liquidity fail
LBTYB,Liquidity fail
UONE,Liquidity fail
ACDC,Volatility fail
ICLD,No history
BAYA,Liquidity fail
EKSO,Liquidity fail
BWMX,Liquidity fail
NVAC,No history
MEHCQ,Liquidity fail
ZYBT,Volatility fail
POSC,Liquidity fail
NEO,Volatility fail
BIMI,Liquidity fail
CIIT,Liquidity fail
FENC,Liquidity fail
AGAE,Liquidity fail
PRZO,Volatility fail
BOLT,Liquidity fail
IOTR,Liquidity fail
DLHC,Liquidity fail
SPRC,Liquidity fail
INLX,Liquidity fail
CLAR,Liquidity fail
GDHG,Liquidity fail
MRIN,Liquidity fail
NMRA,Liquidity fail
BBLG,Liquidity fail
SEII,No history
ACOG,Liquidity fail
BTCT,Liquidity fail
TIL,Volatility fail
PEHD,Liquidity fail
CVV,Liquidity fail
LTRX,Liquidity fail
GLSI,Liquidity fail
WINA,Liquidity fail
CPBI,Liquidity fail
MTEN,Liquidity fail
CIZN,Liquidity fail
INEO,Volatility fail
CSTE,Liquidity fail
BCML,Liquidity fail
ANTX,Liquidity fail
CEP,Volatility fail
SST,Liquidity fail
AP,Liquidity fail
MDXH,Liquidity fail
FEBO,Liquidity fail
VIVS,Volatility fail
RGCO,Liquidity fail
WPRT,Liquidity fail
FLFG,No history
GBIO,Liquidity fail
ISRL,Liquidity fail
VSTM,Volatility fail
MYPS,Liquidity fail
CZOOF,Liquidity fail
BTOG,Volatility fail
CCAP,Liquidity fail
CGBS,Liquidity fail
REGN,Volatility fail
FPAY,Liquidity fail
CDNAF,Liquidity fail
SAIA,Volatility fail
GLRI,No history
ABVE,Volatility fail
MRAM,Liquidity fail
WRN,Liquidity fail
XOMA,Liquidity fail
MESA,Liquidity fail
LBGJ,Liquidity fail
GLST,Liquidity fail
FTLF,Liquidity fail
TOYO,Liquidity fail
UBQU,Liquidity fail
DGNX,Liquidity fail
MCAG,Liquidity fail
MOTS,Liquidity fail
BLFY,Liquidity fail
SPRU,Liquidity fail
RAFI,Liquidity fail
CRBU,Volatility fail
NCI,Liquidity fail
AMST,Liquidity fail
AILEQ,Liquidity fail
VDRM,Liquidity fail
NA,Liquidity fail
STEM,Volatility fail
BSET,Liquidity fail
PLBY,Liquidity fail
UNTY,Liquidity fail
BYFC,Liquidity fail
VSTE,Liquidity fail
OESX,Liquidity fail
SOWG,Liquidity fail
CWD,Liquidity fail
HY,Liquidity fail
SBSAA,No history
DZSIQ,Liquidity fail
LKST,No history
EEX,Liquidity fail
FDBC,Liquidity fail
FL,Volatility fail
SFWL,Liquidity fail
TEUFF,No history
SNT,Liquidity fail
KMDA,Liquidity fail
ATXG,Liquidity fail
VNRX,Liquidity fail
BSBK,Liquidity fail
SRL,Liquidity fail
CIVB,Liquidity fail
IDT,Liquidity fail
ACTG,Liquidity fail
USPH,Liquidity fail
FET,Liquidity fail
BYNO,Liquidity fail
BBAI,Volatility fail
SRG,Liquidity fail
FRGT,Volatility fail
HOV,Liquidity fail
SILO,Liquidity fail
TENX,Liquidity fail
ATHA,Liquidity fail
ALVO,Liquidity fail
FTCO,Liquidity fail
PGHL,Liquidity fail
CURLF,Liquidity fail
MGEE,Liquidity fail
KELYB,Liquidity fail
ADVB,Liquidity fail
GAME,Liquidity fail
KANT,Liquidity fail
AMPY,Volatility fail
SUNWQ,Liquidity fail
CTSO,Liquidity fail
GROV,Liquidity fail
LICN,Liquidity fail
NXTC,Liquidity fail
GANX,Liquidity fail
NXXT,Liquidity fail
DTSQ,Liquidity fail
SHMD,Liquidity fail
SCPX,Liquidity fail
CSPI,Liquidity fail
NATR,Liquidity fail
AMPE,Liquidity fail
VNCE,Liquidity fail
FBGL,Liquidity fail
LSH,Liquidity fail
NCEW,Liquidity fail
ATPC,Liquidity fail
IKNA,Liquidity fail
VINP,Liquidity fail
BF.A,Liquidity fail
XCUR,Liquidity fail
CALC,Liquidity fail
VRCA,Liquidity fail
CMLS,Liquidity fail
ONMD,Liquidity fail
PXLW,Liquidity fail
HSPO,Liquidity fail
TIVC,Volatility fail
JUNE,Liquidity fail
SEVCF,Liquidity fail
TG,Liquidity fail
BATL,Liquidity fail
CAAP,Liquidity fail
ESP,Liquidity fail
TOPW,Liquidity fail
NTPIF,Liquidity fail
OCX,Liquidity fail
UHAL,Liquidity fail
GAN,Liquidity fail
MAMO,Liquidity fail
LCNB,Liquidity fail
RIBB,Liquidity fail
BHAT,Liquidity fail
ELVA,Liquidity fail
TRVN,Liquidity fail
XLO,Liquidity fail
ZDGE,Liquidity fail
HSPT,Liquidity fail
EGRX,Liquidity fail
GENK,Liquidity fail
PXMD,Liquidity fail
PBM,Liquidity fail
FTEK,Liquidity fail
USGO,Liquidity fail
LODE,Liquidity fail
CMBM,Liquidity fail
IBAC,Liquidity fail
BIOLQ,Liquidity fail
FTFT,Liquidity fail
YGFGF,Liquidity fail
HGTY,Liquidity fail
NASB,Liquidity fail
FLIC,Liquidity fail
MONDQ,No history
DIBS,Liquidity fail
CVR,Liquidity fail
HOTH,Liquidity fail
SAMG,Liquidity fail
ISUNQ,Liquidity fail
CVGI,Liquidity fail
CLNN,Liquidity fail
ASRT,Liquidity fail
LANV,Liquidity fail
SYRA,Liquidity fail
AUUD,Liquidity fail
MODD,Liquidity fail
ABAT,Volatility fail
LUNA,Liquidity fail
KVAC,Liquidity fail
GTN.A,Liquidity fail
GLXG,Liquidity fail
NTIC,Liquidity fail
SONN,Liquidity fail
TWER,No history
ETAOF,No history
OPAD,Liquidity fail
ALYI,Liquidity fail
NNI,Liquidity fail
CHIT,No history
NCPL,Liquidity fail
GETR,Liquidity fail
UBYH,Liquidity fail
DTEAF,Liquidity fail
CLRB,Liquidity fail
ARMP,Liquidity fail
KRBPQ,Liquidity fail
COOT,Liquidity fail
ACUR,No history
COCH,Liquidity fail
HQI,Liquidity fail
SAIH,Liquidity fail
SYNX,Liquidity fail
GSIW,Liquidity fail
EDRY,Liquidity fail
CCG,Liquidity fail
PFIS,Liquidity fail
UBXG,Liquidity fail
AATC,Liquidity fail
LFLY,Liquidity fail
NEHC,Liquidity fail
CDRBQ,No history
ULBI,Liquidity fail
MPU,Liquidity fail
VHI,Liquidity fail
PNRG,Liquidity fail
BFHJ,No history
EFTR,Liquidity fail
FOSL,Liquidity fail
FGEN,Liquidity fail
NEPH,Liquidity fail
ABILF,No history
CSLMF,Liquidity fail
PROP,Volatility fail
KINS,Volatility fail
SNSE,Liquidity fail
HRST,Liquidity fail
ADMA,Volatility fail
ELPW,Liquidity fail
NTIP,Liquidity fail
CNSP,Liquidity fail
HTCO,Liquidity fail
GMM,Liquidity fail
YUMAQ,Liquidity fail
KACLF,Liquidity fail
CSSEQ,No history
XELB,Volatility fail
APWC,Liquidity fail
CRKN,Liquidity fail
MIST,Volatility fail
TOGI,Liquidity fail
AVD,Liquidity fail
RMSG,Liquidity fail
GIGM,Liquidity fail
NOTE,Liquidity fail
ALZN,Liquidity fail
GEOS,Liquidity fail
CTBI,Liquidity fail
RCEL,Liquidity fail
MBRX,Liquidity fail
LEDS,Liquidity fail
TLOG,No history
BMRA,Liquidity fail
IMPM,Liquidity fail
BRFH,Liquidity fail
ATIP,Liquidity fail
EDBL,Liquidity fail
LCUT,Liquidity fail
SOPA,Liquidity fail
TCX,Liquidity fail
IVCBF,No history
ALXO,Liquidity fail
TE,Liquidity fail
USLM,Liquidity fail
DSX,Liquidity fail
TROO,Liquidity fail
LFIN,Liquidity fail
FAT,Liquidity fail
BRTX,Liquidity fail
ASPS,Liquidity fail
PODC,Liquidity fail
KYTX,Liquidity fail
LIMAF,Liquidity fail
ANIX,Liquidity fail
CVSI,Liquidity fail
HPCO,No history
RBNE,Liquidity fail
FHTX,Liquidity fail
DRIO,Liquidity fail
OCEA,Liquidity fail
SEER,Liquidity fail
CING,Liquidity fail
DTSS,Liquidity fail
LMFA,Liquidity fail
NVEC,Liquidity fail
LPAA,Liquidity fail
IRWD,Volatility fail
SSKN,Liquidity fail
PETS,Liquidity fail
AREN,Volatility fail
URAL,No history
PEVM,Liquidity fail
ERBB,Liquidity fail
SNCR,Liquidity fail
ATNF,Liquidity fail
MBBC,Liquidity fail
IMCC,Liquidity fail
RAVE,Liquidity fail
RELI,Liquidity fail
TNYA,Liquidity fail
NWPX,Liquidity fail
NTHI,Liquidity fail
SMX,Liquidity fail
COKE,Liquidity fail
NPB,Liquidity fail
NINE,Liquidity fail
LNKS,Liquidity fail
USCB,Liquidity fail
BAER,Liquidity fail
EGOXF,Liquidity fail
BSVN,Liquidity fail
BRYN,No history
YAYO,Liquidity fail
SMBC,Liquidity fail
CGON,Volatility fail
IMPP,Liquidity fail
AUNA,Liquidity fail
SNAL,Liquidity fail
FSBW,Liquidity fail
EBZT,Liquidity fail
WORX,Liquidity fail
MBCN,Liquidity fail
VRPX,Liquidity fail
CIGL,Liquidity fail
CTPR,No history
CHCI,Liquidity fail
BNT,Liquidity fail
BSII,Liquidity fail
CSBR,Liquidity fail
IPIC,No history
LOBO,Liquidity fail
SOND,Liquidity fail
HIT,Liquidity fail
AIRJ,Liquidity fail
VHAI,Liquidity fail
CTRM,Liquidity fail
BOSC,Liquidity fail
BGFV,Liquidity fail
SHIP,Liquidity fail
BMR,Liquidity fail
BLMZ,Liquidity fail
IRD,Liquidity fail
RMTI,Liquidity fail
CPOP,Liquidity fail
MLAB,Liquidity fail
ORGN,Liquidity fail
AUST,Liquidity fail
RUN,Volatility fail
GSBC,Liquidity fail
SVCO,Liquidity fail
PHX,Liquidity fail
FCAP,Liquidity fail
EDUC,Liquidity fail
MWG,Liquidity fail
WHWK,Liquidity fail
OBLG,Liquidity fail
ATOS,Liquidity fail
LTRE,No history
RPTX,Liquidity fail
EVGN,Liquidity fail
VXRT,Volatility fail
OMCC,Liquidity fail
BLMH,Liquidity fail
THBD,Liquidity fail
QTTB,Liquidity fail
IBG,Liquidity fail
SMHI,Liquidity fail
CHCO,Liquidity fail
OFED,No history
ISPC,Liquidity fail
IGLDF,No history
BATRA,Liquidity fail
ZBAI,Liquidity fail
PWCDF,Liquidity fail
DTCB,Liquidity fail
ROLR,Liquidity fail
JYD,Volatility fail
EHVVF,Liquidity fail
RNXT,Liquidity fail
AOGO,No history
WHG,Liquidity fail
CISS,Liquidity fail
CHEB,Liquidity fail
ITP,Liquidity fail
DCBO,Liquidity fail
CVM,Liquidity fail
INUV,Liquidity fail
FPPP,No history
PRGNF,No history
BNGO,Liquidity fail
ANNA,Liquidity fail
RAND,Liquidity fail
CBUS,Liquidity fail
VPOR,Liquidity fail
VTAK,Liquidity fail
QCCO,Liquidity fail
PHIO,Liquidity fail
GSIT,Liquidity fail
RETO,Volatility fail
KIQSF,Liquidity fail
SDA,Liquidity fail
DMN,Volatility fail
RTNB,Liquidity fail
FLYX,Liquidity fail
WYY,Liquidity fail
CRI,Volatility fail
GOEVQ,Liquidity fail
HRGN,Liquidity fail
MNTS,Liquidity fail
RCMT,Liquidity fail
VLCN,Liquidity fail
MIRA,Liquidity fail
WAI,Liquidity fail
POCI,Liquidity fail
ZURA,Liquidity fail
CSWI,Liquidity fail
SURG,Volatility fail
SPAI,Liquidity fail
REPX,Liquidity fail
SIMPQ,No history
CTEV,Liquidity fail
PVCT,Liquidity fail
MXC,Liquidity fail
GAUZ,Liquidity fail
FSFG,Liquidity fail
SCYX,Liquidity fail
DSY,Liquidity fail
SNTI,Volatility fail
IFRX,Liquidity fail
CURI,Liquidity fail
KLTR,Liquidity fail
RBB,Liquidity fail
GBR,Liquidity fail
HWH,Liquidity fail
RGLS,Volatility fail
AMS,Liquidity fail
BBXIB,No history
CVU,Liquidity fail
MRAI,Liquidity fail
CURR,Liquidity fail
CMRA,Liquidity fail
MCRB,Volatility fail
BDSX,Liquidity fail
KBSX,Liquidity fail
ORIC,Volatility fail
DHAI,Liquidity fail
SHRG,No history
DKSC,Liquidity fail
PMEC,Liquidity fail
XTIA,Liquidity fail
OLPX,Liquidity fail
SVII,Liquidity fail
COHN,Liquidity fail
ATHR,Liquidity fail
CPPMF,Liquidity fail
MDVLQ,No history
SVCC,Liquidity fail
EMWPF,Liquidity fail
SKIN,Liquidity fail
WLDN,Liquidity fail
BLIN,Liquidity fail
FEAM,Liquidity fail
PSIG,Liquidity fail
ERNA,Liquidity fail
KALRQ,Liquidity fail
NCRA,Liquidity fail
GOCO,Liquidity fail
SMLR,Volatility fail
BTTX,Liquidity fail
ITIC,Liquidity fail
MATH,Liquidity fail
ENCR,No history
AMIX,Volatility fail
BRCC,Liquidity fail
VABK,Liquidity fail
XBIO,Liquidity fail
MAYS,Liquidity fail
BRID,Liquidity fail
TORM,Liquidity fail
PRST,Liquidity fail
CWBC,Liquidity fail
CBKCQ,Liquidity fail
CHRO,Liquidity fail
ATTOF,No history
PLUR,Liquidity fail
ZYXI,Liquidity fail
HUSA,Liquidity fail
LPTV,Liquidity fail
CELZ,Liquidity fail
SBFM,Liquidity fail
TSBX,Liquidity fail
CRGO,Liquidity fail
SFBC,Liquidity fail
TGEN,Liquidity fail
ALEC,Liquidity fail
BGXXQ,Liquidity fail
OCS,Liquidity fail
ADUR,Liquidity fail
WINV,Liquidity fail
NHTC,Liquidity fail
QVCGA,Liquidity fail
PERF,Liquidity fail
SYSX,Liquidity fail
TRUG,Liquidity fail
VMRI,No history
RMGCF,No history
AZREF,Liquidity fail
TAOP,Liquidity fail
VNTRF,Liquidity fail
GOVX,Liquidity fail
RDVT,Liquidity fail
CXAI,Liquidity fail
LTCH,Liquidity fail
PXS,Liquidity fail
WSBF,Liquidity fail
SPCB,Volatility fail
HI,Volatility fail
GLRE,Liquidity fail
CODX,Liquidity fail
RSVR,Liquidity fail
UUU,Liquidity fail
AXIL,Liquidity fail
CASK,Liquidity fail
PRQR,Volatility fail
LINK,Liquidity fail
VSQTF,Liquidity fail
OVID,Liquidity fail
TZOO,Volatility fail
LANC,Volatility fail
NTGR,Volatility fail
PDSB,Liquidity fail
ARTNA,Liquidity fail
ONEXF,Liquidity fail
OMEX,Volatility fail
TIKK,No history
CNTTQ,Liquidity fail
USAS,Liquidity fail
DRUG,Liquidity fail
FOUR,Volatility fail
PPHI,No history
DEVS,Liquidity fail
STLY,Liquidity fail
SPRO,Liquidity fail
IVVD,Liquidity fail
SEB,Liquidity fail
AMBI,Liquidity fail
SHFS,Liquidity fail
BTM,Liquidity fail
CHR,Liquidity fail
GELS,Liquidity fail
CNFR,Liquidity fail
CASS,Liquidity fail
PCSA,Liquidity fail
GNLN,Volatility fail
IDR,Volatility fail
GAIA,Liquidity fail
RBKB,Liquidity fail
ADYX,No history
RCON,Liquidity fail
BANF,Liquidity fail
NODK,Liquidity fail
BIVI,Liquidity fail
CDT,Liquidity fail
MTNB,Liquidity fail
MRBK,Liquidity fail
TZUP,Liquidity fail
LENZ,Volatility fail
SNTG,Liquidity fail
KALA,Liquidity fail
RMBL,Liquidity fail
FFBW,No history
GRO,Liquidity fail
MRT,Liquidity fail
INTZ,Liquidity fail
JL,Liquidity fail
LPSN,Liquidity fail
RECT,Liquidity fail
FXNC,Liquidity fail
SRFM,Liquidity fail
BORR,Volatility fail
VMAR,Liquidity fail
OSKA,Liquidity fail
VTSI,Liquidity fail
MCZAF,No history
LYEL,Liquidity fail
EMMA,Liquidity fail
VRAX,Liquidity fail
BDVB,Liquidity fail
OPGN,Liquidity fail
ATLC,Liquidity fail
PSTV,Volatility fail
PUMP,Volatility fail
SLSN,Liquidity fail
MIGI,Liquidity fail
SSTI,Liquidity fail
FGI,Liquidity fail
ZBAO,Liquidity fail
NRDE,Liquidity fail
SION,Liquidity fail
FLYE,Liquidity fail
FRGE,Volatility fail
DYNT,Liquidity fail
ARTW,Liquidity fail
PMN,Liquidity fail
LYTHF,Liquidity fail
INMD,Volatility fail
ATGL,Liquidity fail
AOXG,Liquidity fail
ADVM,Volatility fail
DYSL,Liquidity fail
NMRD,Liquidity fail
BFC,Liquidity fail
PLRZ,Liquidity fail
NRXS,Liquidity fail
QTRHF,Liquidity fail
ACHR,Volatility fail
TWIN,Liquidity fail
BKSC,Liquidity fail
HCVI,Liquidity fail
MGRX,Volatility fail
DUOT,Volatility fail
RBTC,Liquidity fail
TSBK,Liquidity fail
CCEC,Liquidity fail
SMTK,Liquidity fail
ERIE,Volatility fail
RMTO,Liquidity fail
INTJ,Volatility fail
NMTRQ,Liquidity fail
BETSF,Liquidity fail
PYPD,Liquidity fail
ROSGQ,Liquidity fail
SPDC,No history
BFRG,Liquidity fail
CAPT,Liquidity fail
IDN,Liquidity fail
YVRLF,Liquidity fail
CARM,Liquidity fail
RZLV,Volatility fail
BGM,Liquidity fail
NGNE,Volatility fail
INFU,Liquidity fail
BNTC,Liquidity fail
SALM,Liquidity fail
WCFB,Liquidity fail
ITRM,Liquidity fail
ELBM,Liquidity fail
BPTH,Liquidity fail
HCWC,Liquidity fail
BRAG,Liquidity fail
ALCE,Liquidity fail
GMVDF,Liquidity fail
DXPE,Liquidity fail
BROG,Liquidity fail
PMVP,Liquidity fail
SEG,Liquidity fail
UK,Liquidity fail
VSTA,Liquidity fail
RGC,Volatility fail
OFS,Liquidity fail
BHST,Liquidity fail
CDTI,Liquidity fail
INLF,Liquidity fail
MINM,Liquidity fail
BIOCQ,Liquidity fail
SER,Liquidity fail
LGND,Liquidity fail
PLUT,Liquidity fail
BDL,Liquidity fail
CYRNQ,No history
AIMD,Liquidity fail
LAW,Liquidity fail
SRAX,Liquidity fail
TELA,Liquidity fail
GLAE,Liquidity fail
VIRX,Liquidity fail
STRO,Volatility fail
SDHC,Liquidity fail
RDZN,Liquidity fail
EGIOQ,Liquidity fail
NAK,Volatility fail
NYXH,Liquidity fail
ESEA,Liquidity fail
ZVIA,Liquidity fail
GNRSQ,No history
RNGR,Volatility fail
PLG,Liquidity fail
GRTX,Liquidity fail
IRMD,Liquidity fail
ACU,Liquidity fail
SABS,Liquidity fail
PLAG,Liquidity fail
FRFHF,Liquidity fail
FKWL,Liquidity fail
CNVS,Liquidity fail
IMRSQ,No history
IXHL,Liquidity fail
STRR,Liquidity fail
SLNG,Liquidity fail
ESGL,Liquidity fail
REED,Liquidity fail
CORZ,Volatility fail
PAL,Volatility fail
SOBR,Liquidity fail
SPPL,Liquidity fail
ILLR,Liquidity fail
FRAF,Liquidity fail
ZCAR,Liquidity fail
HYSR,Liquidity fail
IOBT,Liquidity fail
WBX,Liquidity fail
SMC,Liquidity fail
DXLG,Liquidity fail
CVRX,Volatility fail
GNSS,Liquidity fail
CLSD,Liquidity fail
PBBK,Liquidity fail
COUR,Volatility fail
ENZN,Liquidity fail
MEGL,Liquidity fail
IONM,No history
FSEA,Liquidity fail
MNSB,Liquidity fail
PRPO,Liquidity fail
GLYC,Liquidity fail
USEA,Liquidity fail
TACT,Liquidity fail
BLCO,Volatility fail
VLDX,Liquidity fail
LRFC,Liquidity fail
LGCL,Liquidity fail
TBH,Liquidity fail
IMUC,Liquidity fail
CRNC,Volatility fail
VPG,Volatility fail
EDSFF,No history
EPWK,Volatility fail
SLDB,Volatility fail
PBMLF,No history
ACXP,Liquidity fail
LTRN,Liquidity fail
CPHRF,Liquidity fail
TSPH,Liquidity fail
YCBD,Liquidity fail
MCTR,Liquidity fail
ONEG,Liquidity fail
BIO.B,Liquidity fail
DIT,Liquidity fail
MX,Liquidity fail
ADTX,Liquidity fail
WOLF,Volatility fail
VIGL,Liquidity fail
NBN,Liquidity fail
TRNR,Liquidity fail
MCLDF,No history
VGFCQ,Liquidity fail
IROQ,Liquidity fail
BARK,Liquidity fail
CTRN,Liquidity fail
MNDO,Liquidity fail
SUAC,Liquidity fail
APVO,Liquidity fail
GLTO,Liquidity fail
HYFM,Liquidity fail
GGAAF,No history
YHNA,Liquidity fail
NTBLQ,No history
AVTX,Liquidity fail
OCG,Liquidity fail
RNAC,Liquidity fail
TVRD,Liquidity fail
NBY,Liquidity fail
CLRCF,No history
RELM,No history
CTMX,Volatility fail
PLPC,Liquidity fail
KAVL,Liquidity fail
HIHO,Liquidity fail
XOS,Liquidity fail
EVARF,No history
GCHK,No history
NEXA,Liquidity fail
CFNB,No history
AGEN,Volatility fail
PROV,Liquidity fail
FTCHQ,Liquidity fail
BWMN,Liquidity fail
HYREQ,Liquidity fail
ARBB,Liquidity fail
GPHBF,Liquidity fail
MRCC,Liquidity fail
NKSH,Liquidity fail
NRXP,Liquidity fail
MCFT,Liquidity fail
KRT,Liquidity fail
TBRG,Liquidity fail
NTWK,Liquidity fail
WRAP,Liquidity fail
BLOZF,Liquidity fail
AEGY,No history
TLIS,No history
ZVOI,Liquidity fail
DSS,Liquidity fail
UPHL,Liquidity fail
DHX,Liquidity fail
FSI,Liquidity fail
UPLD,Liquidity fail
HGGG,Liquidity fail
CNTY,Liquidity fail
SLNH,Liquidity fail
NDRA,Volatility fail
NKLAQ,Liquidity fail
USCTF,No history
GYRE,Liquidity fail
BNSOF,No history
CORBF,Liquidity fail
KBNT,Liquidity fail
IRRX,No history
CEIN,Liquidity fail
LCTX,Liquidity fail
ADIL,Liquidity fail
KFRC,Volatility fail
AIRI,Liquidity fail
FSHP,Liquidity fail
ACET,Liquidity fail
SANA,Volatility fail
STHO,Liquidity fail
WYTC,Liquidity fail
GVH,Liquidity fail
AAVVF,Liquidity fail
SEED,Liquidity fail
VLGEA,Liquidity fail
ZJK,Liquidity fail
UCAR,Liquidity fail
CLIR,Liquidity fail
AXDX,Liquidity fail
CABA,Liquidity fail
WKHS,Liquidity fail
SBFG,Liquidity fail
PYRGF,Liquidity fail
SNYR,Liquidity fail
PRPH,Liquidity fail
RIBT,Liquidity fail
TPCS,Liquidity fail
KPRX,Liquidity fail
DIST,Liquidity fail
RFAI,Liquidity fail
STRT,Liquidity fail
NGD,Volatility fail
ALPP,Liquidity fail
DLAPQ,No history
CNCK,Liquidity fail
SDST,Liquidity fail
LDI,Liquidity fail
PTMN,Liquidity fail
MKL,Liquidity fail
KPTI,Liquidity fail
CARE,Liquidity fail
CNXN,Liquidity fail
SBC,Liquidity fail
ELYS,Liquidity fail
ATNM,Liquidity fail
MFIN,Liquidity fail
JFBR,Volatility fail
HIMS,Volatility fail
EQBK,Liquidity fail
ATRC,Volatility fail
POLA,Liquidity fail
SKLZ,Liquidity fail
FSTR,Liquidity fail
AGMH,Volatility fail
TRUE,Liquidity fail
MSIF,Liquidity fail
HYPR,Liquidity fail
NUWE,Liquidity fail
JXG,Liquidity fail
CYN,Liquidity fail
UEIC,Liquidity fail
TAIT,Liquidity fail
ATLO,Liquidity fail
MGIC,Liquidity fail
HLVX,Liquidity fail
RVLPQ,Liquidity fail
JCTC,Liquidity fail
APLT,Liquidity fail
STAK,Liquidity fail
WETH,Liquidity fail
AKA,Liquidity fail
SATX,Liquidity fail
SWIN,Liquidity fail
AIRE,Liquidity fail
RLMD,Volatility fail
GDC,Liquidity fail
KCLI,Liquidity fail
GWH,Liquidity fail
RDCM,Liquidity fail
EXOZ,Liquidity fail
CBRI,No history
FGBI,Liquidity fail
SSSS,Liquidity fail
HTB,Liquidity fail
ILLMF,Liquidity fail
AEON,Liquidity fail
VGZ,Liquidity fail
SNPX,Liquidity fail
ZEUS,Liquidity fail
CGEN,Liquidity fail
DXYN,Liquidity fail
SINT,Liquidity fail
PBLA,Liquidity fail
SOFO,No history
NSTS,Liquidity fail
AAGR,Liquidity fail
TCBS,Liquidity fail
HCTI,Liquidity fail
MACI,Liquidity fail
LIQT,Liquidity fail
CIGI,Liquidity fail
MLR,Liquidity fail
TOVX,Liquidity fail
FNWB,Liquidity fail
NWTG,Liquidity fail
XFOR,Volatility fail
AMLIF,Liquidity fail
SCKT,Liquidity fail
JAGX,Volatility fail
MPX,Liquidity fail
ACON,Liquidity fail
RBCN,Liquidity fail
IMAQ,Liquidity fail
DATS,Liquidity fail
PRZM,No history
BOXL,Liquidity fail
CULP,Liquidity fail
VVPR,Volatility fail
MBWM,Liquidity fail
COSM,Liquidity fail
FLD,Volatility fail
VIVE,Liquidity fail
ENTX,Liquidity fail
BRCNF,Liquidity fail
HKPD,Liquidity fail
INFIQ,Liquidity fail
UPXI,Volatility fail
SLAMF,Liquidity fail
GECC,Liquidity fail
CBRRF,No history
VTGN,Liquidity fail
ERLFF,Liquidity fail
MCNO,Liquidity fail
SOAR,Liquidity fail
BSFC,Liquidity fail
RRBI,Liquidity fail
SLND,Liquidity fail
ROII,No history
GRNH,Liquidity fail
ERINQ,No history
ONCY,Liquidity fail
MYSZ,Liquidity fail
CHAR,Liquidity fail
MMATQ,Liquidity fail
GSIH,Liquidity fail
VIRC,Liquidity fail
VEL,Liquidity fail
CSV,Liquidity fail
FACT,Liquidity fail
KTCC,Liquidity fail
GROW,Liquidity fail
DPRO,Liquidity fail
CSGP,Volatility fail
SCPS,No history
BKHA,Liquidity fail
CCUR,No history
ELTK,Liquidity fail
GMGI,Liquidity fail
TMPOQ,Liquidity fail
COOK,Liquidity fail
BYSI,Liquidity fail
QNCX,Liquidity fail
GCL,Liquidity fail
CMCAF,No history
LEN.B,Liquidity fail
ALTO,Liquidity fail
ISSC,Liquidity fail
BGMD,No history
GBFH,Liquidity fail
IFBD,Liquidity fail
GIG,Liquidity fail
OZ,Liquidity fail
IPWR,Liquidity fail
PREKF,Liquidity fail
EZGO,Liquidity fail
PDLB,Liquidity fail
HOOK,Liquidity fail
ATCV,No history
LVRO,Liquidity fail
NUTX,Volatility fail
PMNT,Liquidity fail
RYET,Volatility fail
AGL,Volatility fail
REVB,Liquidity fail
COYA,Liquidity fail
INDO,Liquidity fail
LEMIF,Liquidity fail
YGMZ,Liquidity fail
JRVR,Liquidity fail
ZLSSF,No history
WINT,Liquidity fail
CPSS,Liquidity fail
TRS,Volatility fail
LEG,Volatility fail
XWEL,Liquidity fail
VCIG,Liquidity fail
HOFT,Liquidity fail
PCSC,Liquidity fail
NKGN,Liquidity fail
PORT,Liquidity fail
NWBO,Liquidity fail
CEAD,Liquidity fail
PRSO,Liquidity fail
ASMB,Liquidity fail
VERO,Liquidity fail
FVN,Liquidity fail
LKCOF,Liquidity fail
DNQAF,No history
OM,Volatility fail
ATEK,No history
HMST,Liquidity fail
NSP,Volatility fail
DRMA,Liquidity fail
FDSB,Liquidity fail
SIDU,Liquidity fail
MDCX,Liquidity fail
PASG,Liquidity fail
FPWM,Liquidity fail
GIFT,Liquidity fail
KBLB,Liquidity fail
BFIN,Liquidity fail
PBIO,No history
TSE,Liquidity fail
AAUAF,Liquidity fail
LDWY,Liquidity fail
JZXN,Volatility fail
SHEN,Volatility fail
SSII,Volatility fail
EVTV,Liquidity fail
APPF,Volatility fail
PROK,Liquidity fail
ORKT,Liquidity fail
JYNT,Liquidity fail
ELMD,Liquidity fail
STFS,Liquidity fail
UG,Liquidity fail
TLS,Liquidity fail
HALL,No history
VINC,Liquidity fail
EDSA,Liquidity fail
APDN,Liquidity fail
HIFS,Liquidity fail
UBX,Liquidity fail
JBSS,Liquidity fail
ECBK,Liquidity fail
XHLD,Liquidity fail
VIVK,Liquidity fail
GPRC,No history
MTEX,Liquidity fail
CHMG,Liquidity fail
NAII,Liquidity fail
PEBK,Liquidity fail
XTNT,Liquidity fail
CENN,Liquidity fail
FSV,Liquidity fail
SLXN,Liquidity fail
DRTTF,Liquidity fail
HSON,Liquidity fail
CGTL,Volatility fail
RSSS,Liquidity fail
QKLS,No history
ATXI,Liquidity fail
EPOW,Liquidity fail
OP,Liquidity fail
ROYL,No history
DOMH,Liquidity fail
SMID,Liquidity fail
JUNS,Liquidity fail
ENGCQ,Liquidity fail
RHEP,Liquidity fail
MPVDF,Liquidity fail
WW,Volatility fail
HGAS,Liquidity fail
IMTE,Liquidity fail
TAVI,Liquidity fail
NEWP,Liquidity fail
GNTY,Liquidity fail
TOITF,Liquidity fail
KLDO,Liquidity fail
ANTH,Liquidity fail
SMTI,Liquidity fail
ELEV,Liquidity fail
MJNA,Liquidity fail
MRKR,Liquidity fail
GLSHQ,No history
TOPP,Liquidity fail
TARA,Volatility fail
MGIH,Liquidity fail
PCYO,Liquidity fail
IMUX,Volatility fail
KNSL,Volatility fail
EMLAF,Liquidity fail
HWBK,Liquidity fail
ELLO,Liquidity fail
AEAE,Liquidity fail
LGCY,Liquidity fail
WTM,Liquidity fail
FMBH,Liquidity fail
ASAPQ,Liquidity fail
DTIL,Liquidity fail
RITR,Liquidity fail
QVCGB,Liquidity fail
WNW,Liquidity fail
DRNG,Liquidity fail
NWTN,Liquidity fail
MSVB,Liquidity fail
LEGT,Liquidity fail
RCFAF,No history
GDTC,Liquidity fail
NIVF,Liquidity fail
CNDA,No history
DMKPQ,No history
RYDE,Liquidity fail
VRA,Liquidity fail
FONR,Liquidity fail
RANG,Liquidity fail
WFF,Liquidity fail
ENSV,Liquidity fail
THMO,Liquidity fail
THFF,Liquidity fail
KORE,Liquidity fail
PROF,Liquidity fail
CMCL,Liquidity fail
WTMA,Liquidity fail
NRTSF,No history
CKX,Liquidity fail
JBDI,Liquidity fail
EVI,Liquidity fail
FFAI,Volatility fail
ARQ,Liquidity fail
BMRC,Liquidity fail
SRDX,Volatility fail
KGEI,Liquidity fail
STBX,Liquidity fail
VICR,Volatility fail
STRS,Liquidity fail
CGEH,Liquidity fail
TOFB,Liquidity fail
KNOP,Liquidity fail
BHAC,No history
DVLT,Liquidity fail
ABP,Liquidity fail
CCEL,Liquidity fail
ZENV,Liquidity fail
FWRD,Volatility fail
CCNE,Liquidity fail
APCX,Liquidity fail
RBOT,Liquidity fail
FSUN,Liquidity fail
NSYS,Liquidity fail
ANGH,Liquidity fail
DYCQ,Liquidity fail
TRT,Liquidity fail
ALUR,Liquidity fail
ABEO,Volatility fail
NBST,No history
ZPTA,Liquidity fail
RCKY,Volatility fail
NWRV,Liquidity fail
CIX,Liquidity fail
DAIO,Liquidity fail
SGMO,Volatility fail
SHIM,Liquidity fail
ENTO,Liquidity fail
LVLU,Liquidity fail
SPOK,Volatility fail
MGLD,Liquidity fail
NITO,Liquidity fail
HTZ,Volatility fail
III,Liquidity fail
EAT,Volatility fail
ZJYL,Liquidity fail
HESG,No history
ENFY,Liquidity fail
RFL,Liquidity fail
KIRK,Liquidity fail
VEVMQ,Liquidity fail
SICPQ,Liquidity fail
GNS,Liquidity fail
ACRS,Liquidity fail
RGFC,Liquidity fail
FPH,Volatility fail
NVFY,Liquidity fail
OGEN,Liquidity fail
HAIAF,Liquidity fail
ASRV,Liquidity fail
SYPR,Liquidity fail
RELV,No history
WKSP,Liquidity fail
GUTS,Liquidity fail
ACMR,Volatility fail
ASCBF,No history
ALTG,Liquidity fail
ELSE,Liquidity fail
ECOR,Liquidity fail
PRRE,No history
BOLD,Liquidity fail
TOI,Volatility fail
AREC,Volatility fail
RENB,Liquidity fail
BPRN,Liquidity fail
FTEL,Liquidity fail
CLVR,No history
ICU,Liquidity fail
WVFC,Liquidity fail
PAMT,Liquidity fail
SJ,Liquidity fail
AEYE,Volatility fail
OTTW,Liquidity fail
AOUT,Liquidity fail
CDTX,Liquidity fail
NNNN,Liquidity fail
NVR,Liquidity fail
QMMM,Liquidity fail
THER,Liquidity fail
BCLI,Liquidity fail
AREB,Volatility fail
OBIO,Volatility fail
MGTI,Liquidity fail
DYNX,Liquidity fail
IROH,Liquidity fail
BRIA,Liquidity fail
UFI,Liquidity fail
VFF,Liquidity fail
ATHXQ,Liquidity fail
JNVR,Volatility fail
VEEE,Liquidity fail
CVEO,Liquidity fail
INZY,Liquidity fail
MPTI,Liquidity fail
BTZI,Liquidity fail
HITI,Liquidity fail
MOBX,Liquidity fail
EXNRF,Liquidity fail
FOXX,Liquidity fail
CBAT,Liquidity fail
NOVA,Volatility fail
GREE,Volatility fail
EUDA,Liquidity fail
BSLK,Liquidity fail
JVA,Liquidity fail
BASA,Liquidity fail
BDRL,Liquidity fail
NCNCF,Liquidity fail
ZOOZ,Liquidity fail
BIRD,Liquidity fail
TIXT,Liquidity fail
PTHL,Liquidity fail
ATLN,Liquidity fail
XBP,Liquidity fail
RBCAA,Liquidity fail
ADCT,Liquidity fail
EFOI,Liquidity fail
OPTX,Liquidity fail
BTBD,Liquidity fail
PPYA,No history
GPUS,Liquidity fail
SHPWQ,No history
YELLQ,Liquidity fail
PRME,Volatility fail
SMCI,Volatility fail
NRC,Liquidity fail
BELFA,Liquidity fail
GAU,Liquidity fail
FUVV,Liquidity fail
ONDS,Volatility fail
AVAH,Liquidity fail
DLPN,Liquidity fail
USEG,Liquidity fail
NDLS,Liquidity fail
GRWG,Liquidity fail
PHGE,Liquidity fail
CTNT,Liquidity fail
AMOD,Liquidity fail
PED,Liquidity fail
UFG,Liquidity fail
CALIQ,No history
SXTC,Volatility fail
APM,Liquidity fail
EURK,Liquidity fail
LWAY,Liquidity fail
EHGO,Liquidity fail
IVP,Liquidity fail
FOXO,Liquidity fail
USAR,Volatility fail
IPA,Liquidity fail
YTENQ,No history
TTSH,Liquidity fail
FORD,Liquidity fail
PHLT,Liquidity fail
CIXXF,Liquidity fail
WTO,Liquidity fail
NMG,Liquidity fail
CHNR,Liquidity fail
NNLX,No history
HHS,Liquidity fail
SMFL,Liquidity fail
JBIO,Volatility fail
SIEB,Liquidity fail
BBIG,Liquidity fail
RMCO,Liquidity fail
EBET,Liquidity fail
ASYS,Liquidity fail
BAFN,Liquidity fail
PHCFF,No history
EPM,Liquidity fail
BCTF,Liquidity fail
AGFY,Liquidity fail
RTC,Volatility fail
AMCF,No history
WAFU,Liquidity fail
LSTA,Liquidity fail
SSY,Liquidity fail
WLFC,Liquidity fail
MMA,Liquidity fail
JACS,Liquidity fail
BBLNF,Liquidity fail
LIVE,Liquidity fail
RDI,Liquidity fail
BUJA,Liquidity fail
WLDBF,Liquidity fail
FCNCA,Liquidity fail
SLRX,Liquidity fail
INND,Liquidity fail
MULN,Volatility fail
KEGX,No history
CBAN,Liquidity fail
NUKK,Liquidity fail
GIC,Volatility fail
CUB,Liquidity fail
DALN,Liquidity fail
PET,Volatility fail
VSEE,Liquidity fail
AUMN,Liquidity fail
FRBKQ,Liquidity fail
SNDA,Liquidity fail
CCBG,Liquidity fail
NLST,Liquidity fail
KVHI,Liquidity fail
ONCSQ,No history
RNTX,Liquidity fail
LAB,Liquidity fail
INKT,Liquidity fail
SRTS,Liquidity fail
VTGDF,Liquidity fail
RBZHF,No history
EBON,Liquidity fail
CMND,Liquidity fail
CBGI,No history
LVTX,Liquidity fail
GLLI,No history
UCTT,Volatility fail
TLF,Liquidity fail
FEMY,Liquidity fail
ADGO,No history
SACQF,No history
CRWS,Liquidity fail
SOPH,Liquidity fail
DARE,Liquidity fail
KNDI,Liquidity fail
PRKR,Liquidity fail
AIFF,Liquidity fail
ARL,Liquidity fail
IKT,Liquidity fail
BDRBF,Liquidity fail
ADN,Liquidity fail
DERM,Liquidity fail
CDAQF,No history
ABLV,Liquidity fail
SENEB,Liquidity fail
MGYR,Liquidity fail
MBIN,Volatility fail
FATN,Volatility fail
NIC,Liquidity fail
ESOA,Liquidity fail
UONEK,Liquidity fail
CDRO,Liquidity fail
NXPL,Liquidity fail
IFMK,No history
QTIH,Liquidity fail
ANIK,Liquidity fail
ALRS,Liquidity fail
PFBX,Liquidity fail
NVVE,Liquidity fail
HKIT,Liquidity fail
EDHL,Liquidity fail
WHF,Liquidity fail
GLMD,Volatility fail
DQWS,No history
ZAPP,Liquidity fail
ALOT,Liquidity fail
OAKU,Liquidity fail
ESLT,Liquidity fail
INM,Liquidity fail
PESI,Liquidity fail
UTL,Liquidity fail
SRZN,Liquidity fail
EQS,Liquidity fail
LAKE,Liquidity fail
PLRX,Liquidity fail
EGAN,Liquidity fail
ANVS,Liquidity fail
TMUS,Volatility fail
VRAR,Liquidity fail
CLPS,Liquidity fail
SMIT,Liquidity fail
SGBX,Liquidity fail
APTY,Liquidity fail
TORO,Liquidity fail
BKTI,Liquidity fail
NXTP,Liquidity fail
DCO,Liquidity fail
HOFV,Liquidity fail
TMC,Volatility fail
CNXX,No history
TWNP,Liquidity fail
CLVT,Volatility fail
BOWN,Liquidity fail
ODV,Liquidity fail
TWG,Liquidity fail
TXMD,Liquidity fail
EYEN,Liquidity fail
IMVIF,No history
CFFI,Liquidity fail
LOOP,Liquidity fail
ENTA,Liquidity fail
VALU,Liquidity fail
BCDA,Liquidity fail
HTOO,Liquidity fail
KSIOF,Liquidity fail
FC,Liquidity fail
PIII,Liquidity fail
VSME,Liquidity fail
GBLI,Liquidity fail
CRAI,Liquidity fail
CREG,Liquidity fail
MRNO,Liquidity fail
POLCQ,Liquidity fail
NATH,Liquidity fail
CSIQ,Volatility fail
LQMT,Liquidity fail
AFJK,Liquidity fail
NVOS,Liquidity fail
BSPM,Liquidity fail
GHC,Liquidity fail
CCTSF,No history
RSLS,Liquidity fail
NEPTF,No history
ESLA,Liquidity fail
TAP.A,Liquidity fail
DSWL,Liquidity fail
FRBA,Liquidity fail
GXAI,Liquidity fail
UPC,Volatility fail
PETV,Liquidity fail
MSPR,Liquidity fail
CACC,Liquidity fail
SBIG,Liquidity fail
AQMS,Liquidity fail
HLXB,Liquidity fail
GFAI,Liquidity fail
CFSB,Liquidity fail
NMTC,Liquidity fail
NYMXF,Liquidity fail
BVFL,Liquidity fail
OMGAQ,Liquidity fail
VEEA,Liquidity fail
RENE,Liquidity fail
ATROB,Liquidity fail
EPRX,Liquidity fail
BMGL,Liquidity fail
SWVL,Liquidity fail
NVNI,Volatility fail
CPHC,Liquidity fail
GOSS,Volatility fail
SEAV,Liquidity fail
QRVO,Volatility fail
FALC,Liquidity fail
CECO,Volatility fail
ICCM,Liquidity fail
APRE,Liquidity fail
MTEMQ,Liquidity fail
OLVI,Liquidity fail
MG,Liquidity fail
REBN,Liquidity fail
CRLBF,Liquidity fail
RAYA,Liquidity fail
KNSA,Volatility fail
GSUN,Liquidity fail
STTK,Liquidity fail
BEGI,Liquidity fail
FRD,Liquidity fail
BW,Liquidity fail
CONNQ,Liquidity fail
CLCO,Liquidity fail
JRSH,Liquidity fail
AUID,Volatility fail
RAHGF,Liquidity fail
BDTX,Liquidity fail
RNGE,Liquidity fail
BBDA,Liquidity fail
MGTE,Liquidity fail
BANX,Liquidity fail
GBNY,Liquidity fail
EVTL,Liquidity fail
JEWL,Liquidity fail
NNVC,Liquidity fail
BACK,Liquidity fail
HOVR,Liquidity fail
PNST,Liquidity fail
RLYB,Liquidity fail
TSLVF,Liquidity fail
MLSS,Liquidity fail
STXS,Liquidity fail
GCTS,Liquidity fail
GRDN,Liquidity fail
KXIN,Liquidity fail
ANY,Liquidity fail
MAXN,Liquidity fail
HVT.A,Liquidity fail
AFIB,Liquidity fail
WTBA,Liquidity fail
CBNK,Liquidity fail
MDWD,Liquidity fail
AXR,Liquidity fail
TOPS,Liquidity fail
LFMD,Volatility fail
IGIC,Liquidity fail
VBNK,Liquidity fail
DGXX,Liquidity fail
ALLR,Volatility fail
BLBX,Liquidity fail
SPIR,Volatility fail
BNAI,Liquidity fail
NEXI,Liquidity fail
WEYS,Liquidity fail
DRCT,Liquidity fail
SLE,Liquidity fail
FORR,Liquidity fail
NAUT,Liquidity fail
GRRR,Volatility fail
YYGH,Liquidity fail
DFLI,Liquidity fail
EMRAF,Liquidity fail
RIME,Liquidity fail
UAVS,Liquidity fail
FATE,Volatility fail
CNGL,No history
BRQSF,Liquidity fail
INBS,Liquidity fail
MCRI,Liquidity fail
LDTC,Liquidity fail
EONR,Liquidity fail
ACUT,Liquidity fail
TMP,Liquidity fail
KDLY,Liquidity fail
ECDA,Liquidity fail
BBUC,Liquidity fail
TLGYF,Liquidity fail
LTNC,Liquidity fail
CGTX,Liquidity fail
HTGMQ,No history
PKOH,Liquidity fail
TTOO,Liquidity fail
CENT,Liquidity fail
SUGP,Liquidity fail
HTCR,Liquidity fail
FSBC,Liquidity fail
AEI,Liquidity fail
RNVA,Liquidity fail
WNGRF,Liquidity fail
SNNAQ,No history
ASPC,Liquidity fail
SING,Liquidity fail
HEMP,Liquidity fail
SQFT,Liquidity fail
DPLS,Liquidity fail
BIAF,Liquidity fail
MHH,Liquidity fail
WTER,Liquidity fail
MTC,Liquidity fail
HEPA,Liquidity fail
BTAI,Liquidity fail
DJCO,Liquidity fail
MFH,Liquidity fail
URGN,Volatility fail
AMTX,Liquidity fail
PRTG,Volatility fail
SYBX,Liquidity fail
CLEU,Liquidity fail
ATMC,Liquidity fail
MCRP,Liquidity fail
LASE,Liquidity fail
CALA,No history
BWLP,Volatility fail
HSDT,Liquidity fail
NSPR,Liquidity fail
WLYB,Liquidity fail
MLP,Liquidity fail
XCOMQ,No history
XAIR,Liquidity fail
XPL,Liquidity fail
LADX,Liquidity fail
DCFCQ,No history
HUBC,Liquidity fail
PGFY,No history
PANL,Liquidity fail
ADGM,Liquidity fail
TIRX,Liquidity fail
CISO,Liquidity fail
HLTHQ,Liquidity fail
VTVT,Liquidity fail
PTPI,Volatility fail
NRDY,Liquidity fail
NCSM,Liquidity fail
AUDC,Liquidity fail
SPKL,Liquidity fail
SDCCQ,Liquidity fail
WHLM,Liquidity fail
WLGS,Liquidity fail
ARAY,Liquidity fail
HLLY,Liquidity fail
TNMG,Liquidity fail
GIPR,Liquidity fail
SGLY,Liquidity fail
SELX,Liquidity fail
EQFN,No history
TVGN,Volatility fail
USIO,Liquidity fail
EAF,Volatility fail
HOWL,Liquidity fail
LIMN,No history
OST,Volatility fail
SRXH,Liquidity fail
ISPR,Liquidity fail
LITM,Volatility fail
IPDN,Liquidity fail
GEF.B,Liquidity fail
HURA,Liquidity fail
BALY,Liquidity fail
PWOD,Liquidity fail
KLDI,No history
RGS,Liquidity fail
VCON,No history
DRTS,Liquidity fail
MITQ,Liquidity fail
COEP,Volatility fail
CBFV,Liquidity fail
TGHI,Liquidity fail
CZFS,Liquidity fail
PTN,Liquidity fail
WILC,Liquidity fail
OVLY,Liquidity fail
FAMI,Liquidity fail
SNES,Liquidity fail
ULTRF,No history
RMCF,Liquidity fail
IVCA,Liquidity fail
ANFIF,No history
IGMS,Liquidity fail
LNZA,Liquidity fail
MNDR,Liquidity fail
TNFA,Liquidity fail
SLGL,Liquidity fail
HSTOQ,Liquidity fail
HBIO,Liquidity fail
AVLNF,Liquidity fail
AEMD,Liquidity fail
SEAC,Liquidity fail
ALCO,Liquidity fail
AGTK,Liquidity fail
PRK,Liquidity fail
ENZB,Liquidity fail
OSRH,Liquidity fail
FUNC,Liquidity fail
INHD,Liquidity fail
BGSF,Liquidity fail
LGO,Liquidity fail
IMG,Liquidity fail
SPIEF,Liquidity fail
AVR,Volatility fail
DDC,Liquidity fail
MTX,Volatility fail
INBX,Liquidity fail
KWE,Volatility fail
PNBK,Liquidity fail
ARTL,Liquidity fail
BIYA,Liquidity fail
OXBR,Liquidity fail
EHC,Volatility fail
IBO,Liquidity fail
AIRG,Liquidity fail
SRI,Liquidity fail
JWSMF,No history
STAB,Liquidity fail
XGN,Volatility fail
GLBS,Liquidity fail
SGRP,Liquidity fail
CGIP,Liquidity fail
ADXS,Liquidity fail
WDFC,Liquidity fail
MDIA,Liquidity fail
AIFE,Liquidity fail
CDIO,Liquidity fail
BRLS,Liquidity fail
PSTRQ,No history
SLRN,Volatility fail
CREV,Liquidity fail
WXM,Liquidity fail
GPAK,Liquidity fail
ESMC,Liquidity fail
TCBC,Liquidity fail
MCVT,Liquidity fail
SKYQ,Liquidity fail
GRLT,Liquidity fail
LZMH,Volatility fail
INAB,Liquidity fail
GHM,Liquidity fail
MB,Liquidity fail
CNL,Liquidity fail
LUXH,Liquidity fail
CATO,Liquidity fail
RMAX,Liquidity fail
SOTK,Liquidity fail
PROCF,Liquidity fail
ESQ,Liquidity fail
MGX,Liquidity fail
BRK.A,Liquidity fail
NRIM,Liquidity fail
MMI,Liquidity fail
ELTX,Liquidity fail
IHRT,Liquidity fail
TOMZ,Liquidity fail
CLRD,Liquidity fail
MAIA,Liquidity fail
FORA,Liquidity fail
BCOW,Liquidity fail
TCCO,Liquidity fail
SXI,Liquidity fail
LPTH,Liquidity fail
NEOV,Volatility fail
SNAX,Liquidity fail
NCT,Liquidity fail
MSGM,Liquidity fail
NUVOQ,Liquidity fail
AFRI,Liquidity fail
VMCAF,No history
GGR,Liquidity fail
PRE,Liquidity fail
BHVN,Volatility fail
UI,Liquidity fail
OPHC,Liquidity fail
ACCS,Liquidity fail
TCRT,Liquidity fail
LILMF,Liquidity fail
GV,Liquidity fail
CTM,Liquidity fail
TAYD,Liquidity fail
STIXF,No history
AMZE,Liquidity fail
NKTX,Volatility fail
WCT,Liquidity fail
KPLT,Liquidity fail
MIMI,Liquidity fail
ZEO,Liquidity fail
FARM,Liquidity fail
ELLH,Liquidity fail
ZNTL,Liquidity fail
FURY,Liquidity fail
AKAN,Liquidity fail
OPCH,Volatility fail
JRJRQ,No history
AEYGQ,Liquidity fail
EBTC,Liquidity fail
OSS,Liquidity fail
GYRO,Liquidity fail
AQB,Liquidity fail
HXHX,Liquidity fail
BIOX,Liquidity fail
LSF,Liquidity fail
PGC,Liquidity fail
SMSI,Liquidity fail
SBNY,Liquidity fail
RRACF,Liquidity fail
BZAI,Liquidity fail
GLACF,Liquidity fail
SYTA,Liquidity fail
EEIQ,Liquidity fail
SLNAF,No history
LSBK,Liquidity fail
KLRS,Liquidity fail
BIORQ,Liquidity fail
JWEL,Liquidity fail
SMTSF,Liquidity fail
OWLT,Liquidity fail
WBBW,Liquidity fail
DMTKQ,Liquidity fail
GTEC,Liquidity fail
AURA,Liquidity fail
QIPT,Liquidity fail
EMX,Liquidity fail
NGS,Liquidity fail
TILCF,No history
JDZG,Liquidity fail
KIDZ,Liquidity fail
GDST,Liquidity fail
CAUD,No history
GRNQ,Liquidity fail
OSTX,Liquidity fail
NOEM,Liquidity fail
HGBL,Liquidity fail
RFIL,Liquidity fail
NFE,Volatility fail
CASI,Liquidity fail
SPWH,Liquidity fail
EHTH,Liquidity fail
ALG,Liquidity fail
RKDA,Liquidity fail
TNON,Liquidity fail
EVEX,Liquidity fail
CYAN,Liquidity fail
WNC,Volatility fail
BHRB,Liquidity fail
SAFT,Liquidity fail
MYFW,Liquidity fail
LICYF,Liquidity fail
AKYA,Liquidity fail
MJWL,No history
MOVE,Liquidity fail
CTHR,Liquidity fail
WOK,Liquidity fail
HMNY,Liquidity fail
FRCB,Liquidity fail
BZFD,Liquidity fail
ARRY,Volatility fail
CETX,Liquidity fail
RDGT,Liquidity fail
SPRB,Liquidity fail
SNAP,Volatility fail
PKKFF,Liquidity fail
STRM,Liquidity fail
IMNN,Liquidity fail
HONE,Volatility fail
TTCFQ,Liquidity fail
BMXI,Liquidity fail
ASUR,Liquidity fail
BLUE,Liquidity fail
OABI,Volatility fail
OBT,Liquidity fail
PRFX,Liquidity fail
TCRX,Liquidity fail
MGRM,Liquidity fail
SRCE,Liquidity fail
CULL,Liquidity fail
GRYP,Liquidity fail
LIXT,Liquidity fail
SIMA,Liquidity fail
XERI,Liquidity fail
INV,Liquidity fail
NRSN,Liquidity fail
AEHL,Liquidity fail
IZEA,Liquidity fail
RVSN,Liquidity fail
LFWD,Liquidity fail
SEELQ,Liquidity fail
EPSN,Liquidity fail
MTEK,Liquidity fail
QETA,Liquidity fail
CDXS,Liquidity fail
JSPR,Liquidity fail
EGRVF,No history
YHC,Liquidity fail
SHPH,Liquidity fail
GENN,Liquidity fail
AC,Liquidity fail
TOON,Liquidity fail
SND,Liquidity fail
MFI,Liquidity fail
SMBK,Liquidity fail
SUUN,Liquidity fail
DWSN,Liquidity fail
NEUP,Liquidity fail
PKBK,Liquidity fail
DTCK,Liquidity fail
SILC,Liquidity fail
IHT,Liquidity fail
IPM,Liquidity fail
ASNS,Liquidity fail
AWRE,Liquidity fail
RPAY,Volatility fail
ONTF,Liquidity fail
MODV,Liquidity fail
LNN,Liquidity fail
IVF,Volatility fail
MNY,Liquidity fail
BLIV,Liquidity fail
PPIH,Liquidity fail
MNOV,Liquidity fail
AMMJ,Liquidity fail
MAQC,No history
EQ,Liquidity fail
ISCO,Liquidity fail
STSS,Volatility fail
UFABQ,No history
LGMK,Volatility fail
BHE,Volatility fail
AMWL,Liquidity fail
ODC,Liquidity fail
ORMP,Liquidity fail
ICON,Liquidity fail
ZIMV,Liquidity fail
BSGM,Liquidity fail
TUSK,Liquidity fail
TRNS,Liquidity fail
MNPR,Liquidity fail
STKS,Liquidity fail
AXXDF,No history
OPAL,Liquidity fail
ACFN,Liquidity fail
HFBL,Liquidity fail
CPSH,Liquidity fail
DSAQ,No history
GITS,Liquidity fail
DRRX,Liquidity fail
HSHP,Liquidity fail
ALYAF,Liquidity fail
NC,Liquidity fail
PDEX,Liquidity fail
LPTX,Liquidity fail
KRRO,Volatility fail
GLE,Liquidity fail
STI,Liquidity fail
DTST,Liquidity fail
YTRA,Liquidity fail
CREX,Liquidity fail
PFX,Liquidity fail
ALMU,Volatility fail
YYAI,Liquidity fail
ALGS,Liquidity fail
ACIU,Liquidity fail
DSUS,No history
CYCU,Liquidity fail
EHLD,Liquidity fail
RAIN,Liquidity fail
FBYD,Liquidity fail
BNZI,Volatility fail
BEBE,No history
FMST,Liquidity fail
AWX,Liquidity fail
CHSN,Liquidity fail
BHILQ,Liquidity fail
VHC,Liquidity fail
NAVB,Liquidity fail
VCNX,Liquidity fail
ELUT,Liquidity fail
ARCB,Volatility fail
SIF,Liquidity fail
HMPQ,No history
BBCP,Liquidity fail
PKE,Liquidity fail
CVKD,Liquidity fail
YMAB,Liquidity fail
LVWR,Liquidity fail
ENLV,Liquidity fail
INDP,Liquidity fail
PBYI,Liquidity fail
CTOR,Liquidity fail
AQUC,Liquidity fail
RDAC,Liquidity fail
ISTR,Liquidity fail
METCB,Liquidity fail
VRAYQ,No history
SANG,Liquidity fail
VGAS,Liquidity fail
ELOX,Liquidity fail
KZR,Liquidity fail
YOTA,Liquidity fail
NCPCF,Liquidity fail
TTCM,No history
VVOS,Liquidity fail
FMNB,Liquidity fail
PBFS,Liquidity fail
CCLD,Liquidity fail
LHSW,Liquidity fail
MRSN,Liquidity fail
ORIS,Liquidity fail
BSRR,Liquidity fail
INTT,Liquidity fail
HNNA,Liquidity fail
GRCE,Liquidity fail
WWR,Liquidity fail
FGMC,Liquidity fail
HBB,Liquidity fail
GTIM,Liquidity fail
BNIX,Liquidity fail
CRIS,Liquidity fail
IVRN,Liquidity fail
ZKIN,Liquidity fail
NHIQ,Liquidity fail
LXRX,Volatility fail
ESSA,Liquidity fail
YIBO,Liquidity fail
MDNAF,Liquidity fail
FRST,Liquidity fail
NXGL,Liquidity fail
INSG,Liquidity fail
NISN,Liquidity fail
AZTR,Volatility fail
SRM,Liquidity fail
MKDW,Liquidity fail
LCFY,Liquidity fail
CLDI,Liquidity fail
APTOF,Liquidity fail
ELIQQ,Liquidity fail
AERT,Liquidity fail
SABR,Volatility fail
CNVIF,Liquidity fail
BHB,Liquidity fail
KFII,Liquidity fail
FNWD,Liquidity fail
BIQIF,No history
SGU,Liquidity fail
UBCP,Liquidity fail
RCT,Liquidity fail
HLP,Liquidity fail
CRTAF,Liquidity fail
GBIM,No history
DSGN,Liquidity fail
ARDS,Liquidity fail
NFGC,Liquidity fail
IDEXQ,Liquidity fail
ALNT,Liquidity fail
RMBI,Liquidity fail
NXL,Liquidity fail
FNVTF,Liquidity fail
AXTI,Liquidity fail
ABVC,Liquidity fail
QLGN,Liquidity fail
CRMBQ,No history
MPAA,Liquidity fail
ESNC,Liquidity fail
DEER,No history
FGL,Liquidity fail
ZNOG,Volatility fail
EDTK,Liquidity fail
SONM,Liquidity fail
OKYO,Liquidity fail
AGRI,Volatility fail
BCAB,Liquidity fail
CINT,Liquidity fail
CAC,Liquidity fail
MOBQ,Liquidity fail
XPO,Volatility fail
CACH,No history
FBRX,Liquidity fail
CLRO,Liquidity fail
HLGN,Liquidity fail
USMJ,Liquidity fail
ESHA,Liquidity fail
APYX,Liquidity fail
RELL,Liquidity fail
NAUH,Liquidity fail
EXFY,Liquidity fail
GWAV,Volatility fail
BONTQ,No history
NHC,Liquidity fail
FGF,Liquidity fail
BIGGQ,Liquidity fail
HOUR,Liquidity fail
FUSB,Liquidity fail
GHLD,Liquidity fail
REEMF,Liquidity fail
MNTK,Liquidity fail
AGILQ,Liquidity fail
CAPN,Liquidity fail
CVCO,Liquidity fail
ASPU,Liquidity fail
GIFI,Liquidity fail
SDOT,Liquidity fail
HUDI,Liquidity fail
NBRVF,Liquidity fail
CHGS,No history
AYRO,Liquidity fail
QNTM,Liquidity fail
AYTU,Liquidity fail
GRI,Liquidity fail
AIRT,Liquidity fail
BCOMF,No history
BETR,Liquidity fail
TOP,Liquidity fail
CLYM,Liquidity fail
VERB,Liquidity fail
BDMD,Liquidity fail
INNV,Liquidity fail
MKTW,Liquidity fail
JILL,Liquidity fail
FBLA,Liquidity fail
VROYF,Liquidity fail
SGC,Liquidity fail
AZ,Liquidity fail
XPON,Liquidity fail
GADS,No history
VIDE,No history
UBFO,Liquidity fail
TCI,Liquidity fail
ICCC,Liquidity fail
ZAZA,No history
GLAD,Liquidity fail
GEG,Liquidity fail
QRHC,Liquidity fail
CETY,Liquidity fail
WSTL,Liquidity fail
NL,Liquidity fail
WETO,Liquidity fail
FRPH,Liquidity fail
ODTC,Liquidity fail
VYGR,Liquidity fail
NMHI,Liquidity fail
EFSI,Liquidity fail
TBI,Liquidity fail
CRDL,Liquidity fail
INTE,No history
RPID,Liquidity fail
INCR,Liquidity fail
BLNE,Liquidity fail
FLXS,Liquidity fail
RMNI,Liquidity fail
EP,Liquidity fail
HRZN,Volatility fail
PMAX,Volatility fail
FLNT,Liquidity fail
DLTH,Liquidity fail
BENF,Liquidity fail
PAVM,Liquidity fail
FCCO,Liquidity fail
FACO,Liquidity fail
WGRX,Liquidity fail
TBN,Liquidity fail
SBEV,Volatility fail
SFRT,Liquidity fail
AARD,Liquidity fail
PHUN,Liquidity fail
BRBS,Liquidity fail
NTRP,Liquidity fail
BFRI,Liquidity fail
FAAS,Liquidity fail
SRNE,Liquidity fail
LSE,Liquidity fail
PALI,Liquidity fail
CRML,Volatility fail
OFLX,Liquidity fail
HCMC,Liquidity fail
CAWW,Liquidity fail
LGPS,Liquidity fail
GLBZ,Liquidity fail
MHLD,Liquidity fail
LIDR,Liquidity fail
